{
    "Accuracy": 0.8085001842525489,
    "Precision": 0.8083261198050818,
    "Recall": 0.8085001842525489,
    "F1": 0.8084128059023155
}